{
  "project_info": {
    "project_number": "522564809930",
    "project_id": "dapfinal-2a4a6",
    "storage_bucket": "dapfinal-2a4a6.appspot.com"
  },
  "client": [
    {
      "client_info": {
        "mobilesdk_app_id": "1:522564809930:android:0e85fc92255273e37eb033",
        "android_client_info": {
          "package_name": "com.example.proyectofinaldap"
        }
      },
      "oauth_client": [],
      "api_key": [
        {
          "current_key": "AIzaSyAJy5F0IiR8Fm1ir45dCZ8qp7wNEYH9zQg"
        }
      ],
      "services": {
        "appinvite_service": {
          "other_platform_oauth_client": []
        }
      }
    },
    {
      "client_info": {
        "mobilesdk_app_id": "1:522564809930:android:94d445d11aadff307eb033",
        "android_client_info": {
          "package_name": "com.example.tpfinaldap"
        }
      },
      "oauth_client": [],
      "api_key": [
        {
          "current_key": "AIzaSyAJy5F0IiR8Fm1ir45dCZ8qp7wNEYH9zQg"
        }
      ],
      "services": {
        "appinvite_service": {
          "other_platform_oauth_client": []
        }
      }
    }
  ],
  "configuration_version": "1"
}